date_published,title,detail,news_from,url
"Sun, 18 Oct 2020 17:28:53 GMT",France teacher attack: Rallies held to support beheaded Samuel Paty,Samuel Paty was murdered after showing cartoons of the Prophet Muhammad in class.,Bbci,https://www.bbc.co.uk/news/world-europe-54589241
"Sun, 18 Oct 2020 20:19:05 GMT",Covid-19: Italy tightens rules after coronavirus cases surge,"PM Giuseppe Conte targets public gatherings, hospitality and recreation ""to avoid a new lockdown"".",Bbci,https://www.bbc.co.uk/news/world-europe-54592700
"Sun, 18 Oct 2020 15:28:05 GMT",Coronavirus in Australia: Victoria to ease lockdown as cases fall,The southern state - home to a quarter of Australia's population - will loosen measures from Monday.,Bbci,https://www.bbc.co.uk/news/world-australia-54592122
"Sun, 18 Oct 2020 15:06:28 +0000",The coronavirus pandemic is changing which podcasts people are listening to,"Covid-19 hasn't stopped podcasting's rise, but it has affected what people in the US are actually listening to.",Qz,https://qz.com/1916680/covid-19-changed-the-podcasts-people-listen-to/
"Sun, 18 Oct 2020 19:03:57 GMT",Israel and Bahrain establish formal diplomatic relations,Bahrain becomes only the fourth Arab country in the Middle East to recognise Israel.,Bbci,https://www.bbc.co.uk/news/world-middle-east-54589235
"Sun, 18 Oct 2020 09:51:33 GMT",Vietnam landslide: Rescuers search for survivors at barracks,The huge landslide buried 22 soldiers as the country battles its worst floods for years.,Bbci,https://www.bbc.co.uk/news/world-asia-54589966
"Sun, 18 Oct 2020 15:05:18 +0000",Film studios are using podcasts to decide which movies to make,Spotify's new deal with Chernin Entertainment shows how important podcasts are becoming for Hollywood.,Qz,https://qz.com/1915101/why-podcasts-keep-getting-made-into-movies-and-tv-shows/
"Sun, 18 Oct 2020 15:04:20 +0000",How Spotify is shaping the next era of podcasting,"What will it mean for consumers and producers if the podcast industry becomes a data-obsessed, tech-giant dominated sector?",Qz,https://qz.com/1919060/spotify-is-helping-to-turn-podcasting-into-a-data-business/
"Sun, 18 Oct 2020 19:45:33 GMT",Covid-19: Top Palestinian official Saeb Erekat in 'serious' condition,"Chief negotiator Saeb Erekat, 65, is in a ""serious but stable"" condition in a hospital near Jerusalem.",Bbci,https://www.bbc.co.uk/news/world-middle-east-54587544
"Sun, 18 Oct 2020 19:50:38 GMT",Bolivia election: Voters head to polls for presidential race,The election comes after last year's disputed poll which forced Evo Morales to resign.,Bbci,https://www.bbc.co.uk/news/world-latin-america-54591963
"Sun, 18 Oct 2020 08:00:23 +0000",All the causes Elon Musk’s foundation has donated money to since 2002,A searchable database for all the causes Elon Musk has donated money to since 2002,Qz,https://qz.com/1911485/elon-musks-charity-donations-use-philanthropy-as-a-tax-haven/
"Sun, 18 Oct 2020 04:00:28 +0000",iPhoneキラーがやってくる｜先週と今週のQuartz Japan（10/19〜10/23）,先週お届けしたニュースレターと、10/19〜10/23にお届けするPMメールのラインナップを紹介,Qz,https://qz.com/1918482/iphone%e3%82%ad%e3%83%a9%e3%83%bc%e3%81%8c%e3%82%84%e3%81%a3%e3%81%a6%e3%81%8f%e3%82%8b%ef%bd%9c%e5%85%88%e9%80%b1%e3%81%a8%e4%bb%8a%e9%80%b1%e3%81%aequartz-japan%ef%bc%8810-19%e3%80%9c10-23%ef%bc%89/
"Sun, 18 Oct 2020 13:31:08 GMT",Nagorno-Karabakh: Armenia-Azerbaijan truce broken minutes after deal,Each accuses the other of violating a humanitarian ceasefire agreed on Saturday.,Bbci,https://www.bbc.co.uk/news/world-europe-54586437
"Sun, 18 Oct 2020 12:31:33 GMT",Coronavirus: Empty streets in France as curfew enforced,The overnight curfew in nine cities is aimed at curbing the soaring Covid infection rate in France.,Bbci,https://www.bbc.co.uk/news/world-europe-54585828
"Sat, 17 Oct 2020 12:00:33 +0000",How a Texas county is handling record voting turnout during a pandemic,"This is how Travis County, Texas, is handling record early voting turnout during Covid-19",Qz,https://qz.com/1918011/travis-county-texas-is-ready-for-a-record-number-of-voters/
"Sun, 18 Oct 2020 11:53:26 GMT",Coronavirus: Dutch PM concedes 'wrong assessment' over royal holiday,"Facing strong criticism, the royals cut short a trip to Greece they began during a partial lockdown.",Bbci,https://www.bbc.co.uk/news/world-europe-54548633
"Sun, 18 Oct 2020 09:10:15 GMT",Guinea elections: Alpha Condé takes on Cellou Dalein Diallo again,"A divisive new constitution allows Alpha Condé to stand again, amid political and ethnic tensions.",Bbci,https://www.bbc.co.uk/news/world-africa-54568055
"Sat, 17 Oct 2020 08:00:37 +0000",South Africa’s unusual electrical plugs and sockets are headed for retirement," With its ability to accommodate the European-style plugs, the new South African socket will cut down on the number of adapters that people need to power their devices.",Qz,https://qz.com/africa/1918728/south-africas-unusual-electrical-plugs-sockets-to-be-retired/
"Sat, 17 Oct 2020 06:32:27 +0000",Cameroon’s plan to make users pay import duties on mobile devices has sparked outrage,"The latest move is a government effort to respond to a drastic drop in revenue from the importation of telephones, despite an estimated 4 million telephones imported each year into the country",Qz,https://qz.com/africa/1918945/cameroon-wants-users-to-pay-taxes-to-download-mobile-phone-apps/
"Sun, 18 Oct 2020 11:10:12 GMT",Egypt releases satirical blogger Shadi Abu Zeid,"The activist is reunited with his family after spending 29 months in jail for spreading ""fake news"".",Bbci,https://www.bbc.co.uk/news/world-middle-east-54587103
"Sun, 18 Oct 2020 05:03:21 GMT",Why the US election could decide battle against climate change,Who next occupies the White House could be decisive in the battle to limit global warming.,Bbci,https://www.bbc.co.uk/news/science-environment-54395534
"Sat, 17 Oct 2020 00:20:17 +0000",Why the price of soy and corn are so important to Iowans,A simple agriculture question left Joni Ernst flustered. Here's what you need to know about Iowa's key economic exports of corn and soy.,Qz,https://qz.com/1918650/iowa-senator-joni-ernst-failed-the-debate-answer-on-soybean-prices/
"Fri, 16 Oct 2020 18:50:25 +0000",Scientists are worried about the impact of Kenya’s Rift Valley lakes flooding,"The lake level rises are worrying because of the destruction to homes, livelihoods, industry, and infrastructure, and loss of terrestrial wildlife habitat",Qz,https://qz.com/africa/1918674/scientists-worried-by-flooding-in-kenya-rift-valley-lakes/
"Sat, 17 Oct 2020 11:38:37 GMT",Jacinda Ardern's majority may prove to be her biggest challenge,"Jacinda Ardern may find it hard to reconcile the demands of her disparate voters, says columnist Josh Van Veen.",Bbci,https://www.bbc.co.uk/news/world-asia-54582346
"Sat, 17 Oct 2020 23:13:23 GMT",‘I hugged the man who murdered my father’,"Candice Mama's father was killed by a man nicknamed ""Prime Evil"", yet the only way she could find peace was to forgive him.",Bbci,https://www.bbc.co.uk/news/stories-52539314
"Fri, 16 Oct 2020 18:12:55 +0000",E-commerce sales are soaring—but for how long?,The share of US sales made online rose from 12% in the first quarter to 16% in the second. Will it continue to rise?,Qz,https://qz.com/1918063/will-e-commerce-shopping-return-to-pre-pandemic-levels/
"Fri, 16 Oct 2020 17:22:27 +0000",Watch Quartz’s workshop on making yourself “indistractable”,"You might not be able to clear away all of the distractions at home, but there are steps you can take to keep them from completely taking over your time and concentration.",Qz,https://qz.com/work/1918624/watch-quartzs-workshop-on-making-yourself-indistractable/
"Sat, 17 Oct 2020 23:14:39 GMT",Thailand protests: 'My father is blinded by his love for the monarchy',Young Thais are falling out with their parents over calls to reform an institution seen as untouchable.,Bbci,https://www.bbc.co.uk/news/world-asia-54573831
"Sat, 17 Oct 2020 23:11:03 GMT",Bolivia election: Five things to know about,The re-run of the controversial presidential election in 2019 has been tensely awaited.,Bbci,https://www.bbc.co.uk/news/world-latin-america-54552921
"Fri, 16 Oct 2020 16:46:20 +0000",What made 2020 a defining year for Netflix,The streaming landscape has changed dramatically in the last year.,Qz,https://qz.com/1915656/whats-in-store-for-netflix-after-2020/
"Fri, 16 Oct 2020 16:32:51 +0000",Nigerians have been targeted by Trump’s immigration policies but he’s still popular,Right-wing policies stances such as being pro-life endear Trump to swathes of Nigerians where the population remains largely conservative.,Qz,https://qz.com/africa/1914421/us-elections-trump-is-popular-with-nigerians-despite-visa-bans/
"Sat, 17 Oct 2020 23:13:53 GMT",US election 2020: Lives that could be reshaped by Supreme Court,"One law, 10 years on, and 23 million Americans whose healthcare access could soon change.",Bbci,https://www.bbc.co.uk/news/election-us-2020-54574583
"Sat, 17 Oct 2020 23:30:52 GMT",How smart devices are exploited for domestic abuse,Two women explain how their partners turned internet-connected gadgets into a means of control.,Bbci,https://www.bbc.co.uk/news/technology-54554408
"Sun, 18 Oct 2020 16:15:55 GMT",Trump continues bizarre appeals to suburban women,,Cnn,https://www.cnn.com/collections/intl-trump-election-1017/
"Fri, 16 Oct 2020 15:22:41 +0000","No matter who wins the election, US fashion manufacturing won’t be returning to China","Both parties see tariffs as a way to put pressure on China, and that pressure is increasing as the US scrutinizes China's repression of its Uighur minority.",Qz,https://qz.com/1918065/the-election-wont-change-us-fashions-retreat-from-china/
"Fri, 16 Oct 2020 14:55:09 +0000",The biggest US banks show the worst is yet to come for the economy,"Thanks to Washington, the economic pain has been delayed to 2021.",Qz,https://qz.com/1918462/big-bank-earnings-show-worst-is-yet-to-come-for-us-economy/
"Sun, 18 Oct 2020 07:50:21 GMT",ICYMI: Robot dolphins and a skeleton worth millions,Some of the stories you may have missed this week.,Bbci,https://www.bbc.co.uk/news/world-54563882
"Sat, 17 Oct 2020 18:10:23 GMT",Trump suggests he'd leave the country if he loses to Biden,"At a rally in Macon, Georgia, President Donald Trump suggested he may have to ""leave the country"" if he were to lose the 2020 presidential election to Joe Biden.",Cnn,https://www.cnn.com/videos/politics/2020/10/17/trump-leave-the-country-sot-macon-rally-nr-vpx.cnn
"Fri, 16 Oct 2020 12:44:23 +0000",The way we run meetings now is hell for working moms,Here's how to fix Zoom meetings so they're not as hard on mothers working from home.,Qz,https://qz.com/work/1917949/zoom-meetings-are-hell-for-working-moms/
"Fri, 16 Oct 2020 09:54:15 +0000",Any US president would take India’s side over Kashmir,"The US presidential candidates Donald Trump and Joe Biden have both mentioned Kashmir, which is fought over by India, Pakistan, and China.",Qz,https://qz.com/india/1916281/what-are-trump-and-bidens-positions-on-kashmir/
"Sat, 17 Oct 2020 23:05:51 GMT",Climate change: Arctic Circle teens call for help to save their homes,Teenagers living in remote Arctic communities share their concerns about the effects of climate change.,Bbci,https://www.bbc.co.uk/news/science-environment-54572400
"Sat, 17 Oct 2020 23:03:55 GMT",Lesbos: What really happened in the refugee camp destroyed by flames?,BBC Newsnight looks into the origins of the fire that destroyed Europe's largest refugee camp.,Bbci,https://www.bbc.co.uk/news/world-europe-54576310
"Sun, 18 Oct 2020 17:18:14 GMT",Trump campaign aide laughs off President's incendiary rhetoric as 'having fun',,Cnn,https://www.cnn.com/2020/10/18/politics/gretchen-whitmer-lara-trump-cnntv/index.html
"Sun, 18 Oct 2020 05:54:38 GMT",Kim's tears and the West's missile fears made for a discordant display in Pyongyang,,Cnn,https://www.cnn.com/2020/10/17/asia/north-korea-kim-jong-un-parade-intl-hnk/index.html
"Fri, 16 Oct 2020 08:54:28 +0000",Why Indian Americans—the wealthiest and most educated of US immigrants—form a key voter base,The way Biden and Trump see and deal with China could impact India’s bargaining powers in the US.,Qz,https://qz.com/india/1916162/how-the-us-presidential-election-will-impact-india/
"Fri, 16 Oct 2020 08:00:45 +0000",Demand for Covid-19 lung transplants is about to shoot up,"At first, doctors didn't know if lung transplants would be safe for Covid-19 patients; now that it's clear they are, demand will likely go up.",Qz,https://qz.com/1917943/demand-for-covid-19-lung-transplants-is-about-to-shoot-up/
"Sat, 17 Oct 2020 23:09:56 GMT",Philippines: Environmentalists criticise artificial beach in Manila Bay,"There is controversy over a new artificial beach in the Philippine capital, Manila, made from crushed dolomite rock which some people say is bad for the environment.",Bbci,https://www.bbc.co.uk/news/world-asia-54568514
"Sat, 17 Oct 2020 08:34:35 GMT","Hundreds queue in Yiwu, China for experimental Covid-19 vaccine",The vaccine is available to the public in the city of Yiwu but is still in the final trial stages.,Bbci,https://www.bbc.co.uk/news/world-asia-china-54582150
"Sun, 18 Oct 2020 10:34:16 GMT",Consensus is falling apart as second wave engulfs Europe,"As coronavirus cases spike across the continent, European governments are facing a new obstacle in their efforts to enforce restrictions -- with several major cities and regions fighting back against instructions to lock down in recent days.",Cnn,https://www.cnn.com/2020/10/18/europe/europe-coronavirus-restrictions-regions-intl/index.html
,Trump tweets rare acknowledgement coronavirus cases are rising,,Cnn,https://edition.cnn.com/world/live-news/coronavirus-pandemic-10-18-20-intl/h_35313ecdc7c784843171714bd32ba12f
"Fri, 16 Oct 2020 08:00:19 +0000",Psychedelic treatment for depression is on sale for the first time,A wellness retreat in the Netherlands is now offering psychedelic therapy for those with depression.,Qz,https://qz.com/1918001/psychedelic-therapy-for-depression-is-on-sale-for-the-first-time/
"Fri, 16 Oct 2020 08:00:16 +0000",These photos show how young Nigerians organized for one of the country’s biggest protests,"Protests have happened at key locations across Nigerian cities, most prominently in Lagos, to ensure young Nigerians' voices are heard.",Qz,https://qz.com/africa/1918230/photos-of-how-young-nigerians-organized-endsars-protests/
"Wed, 14 Oct 2020 23:23:46 GMT",The rape survivors facing an ‘impossible choice’ in Brazil,Covid and new rules have made access to legal terminations even more difficult for Brazilian women.,Bbci,https://www.bbc.co.uk/news/world-latin-america-54447343
"Sun, 11 Oct 2020 23:05:01 GMT",South Africa: Is 'black tax' help or a burden?,Young professionals in South Africa discuss the expectation to financially support their families.,Bbci,https://www.bbc.co.uk/news/world-africa-54480738
"Sun, 18 Oct 2020 17:57:36 GMT",Samuel Paty beheading: Teacher's slaying spurs protests across France,Demonstrators took to the streets of French locales Sunday lauding free speech and decrying violence against educators after the slaying of a teacher who used caricatures of Islam's Prophet Muhammad during a lesson. ,Cnn,https://www.cnn.com/2020/10/18/europe/samuel-paty-france-protests/index.html
"Sun, 18 Oct 2020 04:08:37 GMT",Coronavirus could drive the last nail into a controversial industry,"As coronavirus tears through the world's mink farms, the pandemic is accelerating the shuttering of a controversial industry. ",Cnn,https://www.cnn.com/2020/10/18/world/mink-fur-farms-coronavirus-scli-intl/index.html
"Fri, 16 Oct 2020 05:22:53 +0000",Titan’s stock has risen 70% during a year of economic slowdown and a pandemic,"Away from the social media noise, shares of Tanishq's parent company, Titan, have been soaring unstoppably on the Indian stock exchanges.",Qz,https://qz.com/india/1917796/tanishq-controversy-aside-titans-shares-on-the-rise-on-bse-nse/
"Fri, 16 Oct 2020 05:00:52 +0000",Countries are competing for skilled migrants fleeing crackdowns in Hong Kong and Belarus,Policies like expedited work permits and expanded visa options help attract people escaping political upheaval.,Qz,https://qz.com/1915404/countries-are-wooing-skilled-workers-fleeing-hong-kong-belarus/
"Tue, 13 Oct 2020 20:55:28 GMT",Hidden camera's hugging tiger wins wildlife photo award,A camera-trap image of an Amur tiger takes the grand prize at Wildlife Photographer of the Year 2020.,Bbci,https://www.bbc.co.uk/news/science-environment-54518336
"Sun, 18 Oct 2020 10:44:43 GMT",'SNL' takes on the dueling town halls between Trump and Biden,"Instead of a presidential debate, this week had dueling town halls between President Donald Trump and former Vice President Joe Biden. ""Saturday Night Live"" covered both, like many viewers, by flipping back and forth between the two.",Cnn,https://www.cnn.com/2020/10/18/media/snl-biden-trump-town-halls/index.html
"Sat, 17 Oct 2020 20:20:49 GMT",Trump insults Savannah Guthrie day after town hall,President Trump used a campaign stop to insult NBC News' Savannah Guthrie the day after he faced tough questioning from her at a town hall.,Cnn,https://www.cnn.com/videos/media/2020/10/17/trump-savannah-guthrie-criticism-town-hall-ctn-sot-vpx.cnn
"Fri, 16 Oct 2020 03:25:25 +0000",Many Delhi residents suffer respiratory troubles as air quality drops 400% in four weeks,"The air quality index (AQI) in some parts of Delhi is 300, which means hazardous.",Qz,https://qz.com/india/1917809/air-quality-worsens-in-delhi-ncr-as-stubble-burning-starts-in-up/
"Fri, 16 Oct 2020 02:12:33 +0000",Here are the wildly different questions asked in Trump and Biden’s dueling town halls,"Trump fielded multiple queries on extremist groups, while Biden tackled partisanship and the climate.",Qz,https://qz.com/1918318/the-questions-asked-in-trump-and-bidens-dueling-town-halls/
"Wed, 14 Oct 2020 22:05:46 GMT",Cougar stalk: Utah jogger on six-minute encounter with a mountain lion,A jog on his local trail turned into a life-or-death situation for Kyle Burgess in Utah.,Bbci,https://www.bbc.co.uk/news/world-us-canada-54548467
"Sat, 17 Oct 2020 20:11:57 GMT",'Utter nonsense': Ex-Bush official reacts to Trump's training video,"Michael Chertoff, who served as secretary of homeland security under President George W. Bush, weighs in on a training video for Trump supporters who are interested in being poll watchers on Election Day.",Cnn,https://www.cnn.com/videos/politics/2020/10/17/trump-election-poll-watchers-chertoff-nr-sot-vpx.cnn
"Fri, 16 Oct 2020 17:39:53 GMT",Must-watch videos of the week,,Cnn,https://www.cnn.com/collections/videos-of-the-week/
"Fri, 16 Oct 2020 01:39:48 +0000",The story behind Biden’s plan to create climate jobs that pay “good union wages”,"In the Biden town hall, he embraced support for labor rights as an overlooked form of climate action.",Qz,https://qz.com/1918202/the-meaning-behind-joe-bidens-job-creating-climate-plan/
"Thu, 15 Oct 2020 17:27:22 +0000",Netflix is still struggling to wean itself off other companies’ hit shows,Most popular streaming TV shows are found on Netflix. But Netflix hardly produces any of them.,Qz,https://qz.com/1918007/netflixs-original-shows-are-rarely-its-most-popular/
"Sun, 18 Oct 2020 13:46:15 GMT","As coronavirus surges across the US, only 2 states are trending in the right direction",There is nearly no place in America where Covid-19 case counts are trending in the right direction as the country heads into what health experts say will be the most challenging months of the pandemic so far. ,Cnn,https://www.cnn.com/2020/10/18/health/us-coronavirus-sunday/index.html
"Sun, 18 Oct 2020 14:11:03 GMT",Kremlin dismisses vaccine disinformation campaign accusations as 'circus',"Kremlin spokesperson Dmitry Peskov dismissed the reaction of the UK Foreign Secretary Dominic Raab to the Times report saying that Russia is engaging in a disinformation campaign to discredit the Oxford University coronavirus vaccine in an effort to promote its own vaccine Sputnik V, developed by the Gamaleya Institute.  ",Cnn,https://www.cnn.com/2020/10/18/europe/russia-vaccine-disinformation-allegations-intl/index.html
"Thu, 15 Oct 2020 15:23:30 +0000",Payments giant Stripe has bought Nigerian payments startup Paystack for Africa expansion,Paystack's acquisition also comes despite the uncertain economic realities amid crises triggered by the ongoing coronavirus pandemic.,Qz,https://qz.com/africa/1917940/stripes-buys-nigerias-paystack-for-africa-expansion/
"Thu, 15 Oct 2020 14:28:48 +0000",The US trade deficit is hurtling towards an all-time high,The US trade deficit jumped to $67 billion in August. It may be on its way to breaking a record.,Qz,https://qz.com/1917419/the-us-trade-deficit-is-nearing-its-all-time-high/
"Sun, 18 Oct 2020 14:48:13 GMT",Officers deploy crowd control agents at protesters outside an ICE building in Portland,"Tensions between protesters, federal officers and Portland police escalated Saturday night outside a US Immigration and Customs Enforcement building in the city.",Cnn,https://www.cnn.com/2020/10/18/us/portland-protests-crowd-control-agents/index.html
"Sun, 18 Oct 2020 20:32:30 GMT",Pelosi sets 48-hour deadline to approve stimulus deal before the election,House Speaker Nancy Pelosi said Sunday she and Treasury Secretary Steven Mnuchin must reach an agreement within 48 hours if they want to pass a coronavirus stimulus relief bill before Election Day. ,Cnn,https://www.cnn.com/2020/10/18/politics/pelosi-stimulus-talks-election/index.html
"Thu, 15 Oct 2020 19:15:00 EDT",White House was warned Giuliani was target of Russian intelligence operation to feed misinformation to Trump,U.S. intelligence agencies believed Russian agents were ‘working’ Trump’s personal lawyer to disseminate misinformation about the Bidens.,Washingtonpost,https://www.washingtonpost.com/national-security/giuliani-biden-ukraine-russian-disinformation/2020/10/15/43158900-0ef5-11eb-b1e8-16b59b92b36d_story.html?utm_source=rss&utm_medium=referral&utm_campaign=wp_politics
"Thu, 15 Oct 2020 13:30:05 +0000","Your company needs a shadow board of young, non-executive talent","Interbrand's Rebecca Robins argues for incorporating new, diverse perspectives that today’s executives may not have considered.",Qz,https://qz.com/work/1915876/your-company-needs-a-shadow-board-of-young-non-executive-talent/
"Thu, 15 Oct 2020 13:20:22 +0000","With interest rates near record lows, retirement may have to wait","""This is the hardest investing environment a lot of people have ever had to face.""",Qz,https://qz.com/1916348/with-interest-rates-near-record-lows-retirement-may-have-to-wait/
"Sun, 18 Oct 2020 12:21:54 GMT","Mexican restaurant takes political stand with sign declaring 'No Love, No Tacos'",A Mexican restaurant in a small town in Iowa has wrapped itself in the middle of political discourse after some customers of the popular eatery took offense to a yard sign the owner placed outside.,Cnn,https://www.cnn.com/2020/10/18/us/no-love-no-tacos-la-carreta-mexican-grill-trnd/index.html
"Sun, 18 Oct 2020 18:39:01 GMT",Boxer Teófimo López has become the youngest four-belt champion in history ,Teófimo López Jr. solidified his place in boxing's pantheon by becoming the youngest four-belt champion in the history of the sport. ,Cnn,https://www.cnn.com/2020/10/18/us/teofimo-lopez-youngest-four-belt-champion-trnd/index.html
"Sun, 18 Oct 2020 16:46:51 EDT","Election live updates: Biden campaigns in North Carolina; Trump visits Nevada, California ","With a little over two weeks until Election Day, Biden and Trump are spending their Sunday wooing voters in key battleground states.",Washingtonpost,https://www.washingtonpost.com/elections/2020/10/18/trump-biden-live-updates/?utm_source=rss&utm_medium=referral&utm_campaign=wp_politics
"Sun, 18 Oct 2020 14:32:00 EDT",Pelosi sets Tuesday deadline for reaching stimulus deal with White House,"The House speaker indicated that if no agreement can be struck by then, it will not be possible to produce a new relief deal by the election.",Washingtonpost,https://www.washingtonpost.com/us-policy/2020/10/18/pelosi-stimulus-economy-trump/?utm_source=rss&utm_medium=referral&utm_campaign=wp_politics
"Thu, 15 Oct 2020 13:00:03 +0000",Is Jeff Bezos’ space company making money off the New Shepard rocket?,The suborbital rocket is apparently profitable—depending on how you do the math.,Qz,https://qz.com/1917738/is-jeff-bezos-blue-origin-really-making-money-off-the-new-shepard-rocket/
"Thu, 15 Oct 2020 10:04:55 +0000",Neither Kamala Harris nor the Modi-Trump bonhomie holds much sway over the Indian-American vote,"Traditionally voters of the Democratic camp, the prevalent narrative is that a blossoming camaraderie between Trump and Narendra Modi would lead to a widespread defection of Indian Americans towards the Republican party.",Qz,https://qz.com/india/1917846/most-indian-americans-may-vote-for-joe-biden-over-donald-trump/
"Sun, 18 Oct 2020 20:05:57 GMT",Arrest of former defense minister shatters trust in Mexico's armed forces,"The general's speech was forceful and unequivocal, his demeanor somber and severe. Impeccably dressed in full military uniform, Salvador Cienfuegos Zepeda, then Mexican Secretary of Defense, spoke before a group of thousands of Mexican soldiers under his command on a spring day in April 2016 at Military Camp Number One, near Mexico City.",Cnn,https://www.cnn.com/2020/10/18/world/mexico-defense-minister-arrest-dea/index.html
"Sun, 18 Oct 2020 09:44:27 GMT",Dutch king cuts short vacation in Greece after criticism,The Netherlands' King Willem-Alexander and his wife cut short a vacation to Greece on Friday after coming under criticism for traveling during the coronavirus pandemic.,Cnn,https://www.cnn.com/2020/10/18/europe/dutch-king-coronavirus-vacation-intl/index.html
"Sun, 18 Oct 2020 10:50:10 EDT",Democrats’ stunning fundraising,"In top Senate races, three Democrats beat the fundraising record set by Beto O’Rourke last cycle, and every Democrat outraised his or her GOP opponent — often by lopsided totals.",Washingtonpost,https://www.washingtonpost.com/politics/2020/10/18/democrats-stunning-fundraising/?utm_source=rss&utm_medium=referral&utm_campaign=wp_politics
"Sun, 18 Oct 2020 10:50:10 EDT",Democrats’ stunning fundraising,"In top Senate races, three Democrats beat the fundraising record set by Beto O’Rourke last cycle, and every Democrat outraised his or her GOP opponent — often by lopsided totals.",Washingtonpost,https://www.washingtonpost.com/politics/2020/10/18/democrats-stunning-fundraising/?utm_source=rss&utm_medium=referral&utm_campaign=wp_politics
"Thu, 15 Oct 2020 08:00:36 +0000",It took a pandemic to make QR codes a global sensation,"China got with the program ages ago. Now that new parts of the world are wising up to the value of QR codes, will they stick?",Qz,https://qz.com/1917661/qr-codes-are-finally-having-their-moment-because-of-covid-19/
"Thu, 15 Oct 2020 04:23:42 +0000","Stuck at home, Indians are spending big bucks on upgrading their kitchens","Flipkart has seen a four-fold increase in the smart kitchen segment, which includes appliances such as kettles, toasters, vacuum cleaners, and water purifiers.",Qz,https://qz.com/india/1916092/stuck-at-home-indians-are-upgrading-their-kitchen-appliances/
"Fri, 16 Oct 2020 13:33:59 GMT",Broadway worker: My career of 15 years vanished overnight,"CNN's Vanessa Yurkevich speaks to Broadway employees who are out of work as a result of the coronavirus pandemic, leaving a devastating impact on theater production. ",Cnn,https://www.cnn.com/videos/business/2020/10/16/broadway-shutdown-coronavirus-pandemic-pkg-yurkevich-newday-vpx.cnn
"Sat, 17 Oct 2020 23:47:40 GMT",This is America's 'rattiest city' for a sixth year in a row,Chicago is the six-time holder of a title that no city wants. ,Cnn,https://www.cnn.com/2020/10/17/us/chicago-rat-city-2020-trnd/index.html
"Sat, 17 Oct 2020 08:00:35 EDT",Originalism in a diverse America: How does Amy Coney Barrett’s judicial philosophy square with who was left out of the Constitution? ,"Amy Coney Barrett's embrace of originalism has some Americans thinking about what the framers intended, and how it applied to them.",Washingtonpost,https://www.washingtonpost.com/politics/2020/10/17/originalism-diverse-america-how-does-amy-coney-barretts-judicial-philosophy-square-with-who-was-left-out-constitution/?utm_source=rss&utm_medium=referral&utm_campaign=wp_politics
"Sat, 17 Oct 2020 07:00:59 EDT",The 5 types of attack ads defining the 2020 congressional elections,"There are several major crises related to health, race and the economy all happening at once. Those are shaping the battles for Congress.",Washingtonpost,https://www.washingtonpost.com/politics/2020/10/17/5-types-attack-ads-defining-2020-congressional-elections/?utm_source=rss&utm_medium=referral&utm_campaign=wp_politics
"Wed, 14 Oct 2020 18:32:50 +0000",Young Nigerian protesters are using social media to dispel misinformation from traditional media,Protesters are sharing videos of their peaceful demonstrations and evidence of police harassment across WhatsApp groups to better inform older Nigerians,Qz,https://qz.com/africa/1917507/nigeria-endsars-protests-use-twitter-whatsapp-to-beat-fake-news/
"Wed, 14 Oct 2020 17:55:36 +0000","Once again, NBC decided to serve Trump’s interests","NBC is airing a town hall with Donald Trump at the same time as ABC's event with Joe Biden, forcing viewers to choose between the two.",Qz,https://qz.com/1917402/nbc-rewards-trump-with-his-own-town-hall-at-the-same-time-as-bidens/
"Sun, 18 Oct 2020 14:49:36 GMT",Covid-19 vaccine company under federal investigation after allegedly misrepresenting its role in government program Operation Warp Speed,"California biotech company Vaxart, which is working on a Covid-19 vaccine, is under federal investigation and is being sued by a number of investors for allegedly exaggerating its involvement in the US government's Operation Warp Speed program for developing Covid-19 vaccines and treatments.",Cnn,https://www.cnn.com/2020/10/18/business/vaxart-sec-investigation/index.html
"Sat, 17 Oct 2020 20:36:46 GMT",Film star Rhonda Fleming has died,"Rhonda Fleming, a film star in the 1940s and 50s known as the ""Queen of Technicolor,"" has died, according to her assistant. She was 97. ",Cnn,https://www.cnn.com/2020/10/17/entertainment/rhonda-fleming-obit-trnd/index.html
"Sun, 18 Oct 2020 09:06:00 EDT","Trailing in the polls and in fundraising, Trump clings to one marker as a sign of success — crowd size",The president has disregarded the pandemic dangers to stage large rallies as a show of strength and an ego boost after months of campaign stumbles.,Washingtonpost,https://www.washingtonpost.com/politics/trump-crowd-size-rallies/2020/10/17/9ec3e098-0fd2-11eb-b1e8-16b59b92b36d_story.html?utm_source=rss&utm_medium=referral&utm_campaign=wp_politics
"Sun, 18 Oct 2020 08:23:00 EDT",Texas is the most intriguing political state in the country this fall,Trump as president has accelerated trends that are weakening the Republican grip on the Lone Star State.,Washingtonpost,https://www.washingtonpost.com/politics/texas-election-demographics-trump/2020/10/17/c952f440-108e-11eb-b1e8-16b59b92b36d_story.html?utm_source=rss&utm_medium=referral&utm_campaign=wp_politics
"Wed, 14 Oct 2020 17:24:25 +0000",Fashion is struggling to rise to the creative challenge of Covid-19,"Rather than try to propose a way forward for fashion in the era of Covid-19, designers mostly carried on with business as usual at Paris Fashion Week.",Qz,https://qz.com/1916944/paris-fashion-week-failed-to-meet-covid-19s-creative-challenge/
"Wed, 14 Oct 2020 16:51:39 +0000",What happens to absentee ballots after you mail them?,The verification and counting of absentee ballots can begin long before Election Day.,Qz,https://qz.com/1916959/how-are-mail-in-ballots-in-the-presidential-election-counted/
"Sat, 17 Oct 2020 19:18:09 GMT",'Diddy' Combs: 'White men like Trump need to be banished',"In an interview with Charlamagne tha God, rapper Sean ""Diddy"" Combs endorsed presidential candidate Joe Biden and said he was helping to launch a new political party, Our Black Party.",Cnn,https://www.cnn.com/videos/politics/2020/10/17/diddy-sean-combs-biden-trump-orig-kj.cnn
"Sun, 18 Oct 2020 12:11:58 GMT",Band played a concert encased in plastic bubbles. So were the fans,"It's unclear whether The Flaming Lips are using jelly -- or vaseline, for that matter -- at their concerts these days. The rock band is, however, trying plastic bubbles.",Cnn,https://www.cnn.com/2020/10/18/entertainment/flaming-lips-bubble-concert-oklahoma-city-covid-trnd/index.html
"Sun, 18 Oct 2020 06:00:00 EDT","Amid fears of Election Day chaos, one county prepares for anxious days after the vote","In Erie County, Pa., a crucial battleground in a critical swing state, the count could take days, and ‘nobody knows how everybody else is going to react, whichever way it goes.’",Washingtonpost,https://www.washingtonpost.com/politics/amid-fears-of-election-day-chaos-one-county-prepares-for-anxious-days-after-the-vote/2020/10/17/c2c9e928-0a60-11eb-a166-dc429b380d10_story.html?utm_source=rss&utm_medium=referral&utm_campaign=wp_politics
"Sat, 17 Oct 2020 23:00:54 EDT","Trump holds back-to-back rallies in Midwest, Biden campaign warns race is neck-and-neck",,Washingtonpost,https://www.washingtonpost.com/elections/2020/10/17/trump-biden-live-updates/?utm_source=rss&utm_medium=referral&utm_campaign=wp_politics
"Wed, 14 Oct 2020 14:29:52 +0000",China’s election to the UN Human Rights Council revealed its shaky global status,"Beijing had the lowest vote total among the 15 countries elected, indicating growing international backlash.",Qz,https://qz.com/1917295/china-elected-to-un-rights-council-but-with-lowest-support-ever/
"Wed, 14 Oct 2020 08:18:13 +0000",Tanishq is only the latest brand to face the ire of India’s easily offended right wing,"The brand, owned by the 100-year-old Tata Group, had to take down the 40-second ad—that showed a Hindu girl married into a Muslim family—under pressure, as #boycottTanishq trended on social media for nearly two days.",Qz,https://qz.com/india/1916964/tanishq-indian-brands-that-faced-right-wing-social-media-boycott/
"Sun, 18 Oct 2020 13:05:29 GMT",Trump coronavirus adviser undermines importance of masks,White House coronavirus task force member Dr. Scott Atlas sought to undermine the importance of face masks on Saturday as coronavirus cases spike across the US. ,Cnn,https://www.cnn.com/2020/10/17/politics/scott-atlas-face-masks-coronavirus/index.html
"Sun, 18 Oct 2020 00:23:22 GMT",What's next for the US-North Korea relationship?,"Following North Korea's unveiling of a huge new missile at a military parade celebrating the 75th anniversary of the Workers' Party, CNN's Paula Hancocks looks at what these developments mean for the US.",Cnn,https://www.cnn.com/videos/world/2020/10/16/north-korea-kim-jong-un-military-parade-missile-hancocks-pkg-intl-ldn-vpx.cnn
"Sat, 17 Oct 2020 20:49:37 EDT","'It needs to stop’: Whitmer condemns rhetoric at Trump rally, chants of ‘lock her up’ ","The chants came a little more than a week after authorities revealed a foiled plot to kidnap Michigan Gov. Gretchen Whitmer (D), allegedly motivated in part by opposition to the pandemic restrictions President Trump has repeatedly criticized.",Washingtonpost,https://www.washingtonpost.com/politics/2020/10/17/trump-whitmer-lock-her-up/?utm_source=rss&utm_medium=referral&utm_campaign=wp_politics
"Sat, 17 Oct 2020 19:48:01 EDT",Trump aides seek to set aside division and plan for final sprint to Election Day,"The president is behind in polls, but Republicans still see a chance for a repeat of his 2016 come-from-behind victory.",Washingtonpost,https://www.washingtonpost.com/politics/trump-aides-seek-to-set-aside-division-and-plan-for-final-sprint-to-election-day/2020/10/17/09f8cf22-0fbf-11eb-8a35-237ef1eb2ef7_story.html?utm_source=rss&utm_medium=referral&utm_campaign=wp_politics
"Wed, 14 Oct 2020 08:00:54 +0000",Can rapid antigen tests fix contact tracing in the US?,"Because antigen tests are cheaper, they could be used more frequently, making it easier to spot exactly when a person becomes infectious.",Qz,https://qz.com/1916587/can-rapid-antigen-tests-fix-contact-tracing-in-the-us/
"Wed, 14 Oct 2020 08:00:01 +0000",Five things individuals can do to fight climate change,Ordinary people can fight climate change—but reducing your greenhouse gas emissions is only the first step.,Qz,https://qz.com/1915134/five-things-individuals-can-do-to-fight-climate-change/
"Sat, 17 Oct 2020 14:42:02 GMT",National elections loom after a brutal year for Bolivia,"It started with allegations of fraud amid contested national elections.  Then came claims of a coup. An incumbent president was exiled, protests paralyzed the country, and an economy that had been a Latin American success story showed serious signs of decline. ",Cnn,https://www.cnn.com/2020/10/17/americas/election-bolivia-intl/index.html
"Sun, 18 Oct 2020 17:48:46 GMT",Evacuations ordered in Colorado and Utah as crews battle new blazes,Blazes roaring through Colorado and Utah have pushed people from their homes and caused damage that officials have not yet been able to assess.,Cnn,https://www.cnn.com/2020/10/18/us/colorado-utah-fires-evacuation/index.html
"Sat, 17 Oct 2020 18:56:40 EDT",How the Sturgis Motorcycle Rally may have spread coronavirus across the Upper Midwest,"Within weeks of the gathering that drew nearly half a million bikers, the Dakotas, along with Wyoming, Minnesota and Montana, were leading the nation in new coronavirus infections per capita.",Washingtonpost,https://www.washingtonpost.com/health/2020/10/17/sturgis-rally-spread/?utm_source=rss&utm_medium=referral&utm_campaign=wp_politics
"Sat, 17 Oct 2020 18:25:43 EDT",Michigan appeals court reinstates Election Day mail-in ballot deadline as early voting surge continues,More than 26 million people had cast ballots nationwide as early voting began Saturday in Massachusetts and Nevada and extended across New Mexico.,Washingtonpost,https://www.washingtonpost.com/politics/voting-2020-election/2020/10/17/857046bc-10a0-11eb-8a35-237ef1eb2ef7_story.html?utm_source=rss&utm_medium=referral&utm_campaign=wp_politics
"Wed, 14 Oct 2020 06:54:56 +0000",Amazon and Flipkart are serving a new India during this year’s festive sales,"From ensuring safety and hygiene to finding the right products that'll sell in these uncertain times and reaching shoppers in remote regions, there's a lot for Flipkart and Amazon to think.",Qz,https://qz.com/india/1916291/why-amazon-and-flipkart-need-to-up-their-game-this-diwali-sale/
"Tue, 13 Oct 2020 21:13:55 +0000",Apple will change the way we charge phones,"Apple changed up the accessories that come with a new iPhone 12, potentially unlocking a charging revolution.",Qz,https://qz.com/1917088/apples-iphone-12-could-revolutionize-the-future-of-charging/
"Sat, 17 Oct 2020 23:10:32 GMT",Women's March focuses on getting voters to the polls,"Demonstrators gathered in Washington, DC, for the second Women's March of the year. Attendees came together to protest President Donald Trump's nomination of Amy Coney Barrett to the Supreme Court and urge women to vote in the upcoming election. CNN's Suzanne Malveaux reports.",Cnn,https://www.cnn.com/videos/politics/2020/10/17/womens-march-washington-malveaux-sot-vpx.cnn
"Sun, 18 Oct 2020 15:01:32 GMT",These companies' workers may never go back to the office,"As the United States prepares for another wave of the coronavirus, some companies are making plans to keep their employees remote for the forseeable future.",Cnn,https://www.cnn.com/2020/10/18/business/virtual-work-offices-pandemic/index.html
"Sat, 17 Oct 2020 14:29:50 EDT","As pandemic surges and economy stalls, Trump fails to live up to dealmaker image in face of partisan gridlock",Attempts to deliver a stimulus package have faltered as the president’s erratic approach to governing and Democrats’ eagerness to press a political advantage have repeatedly clashed.,Washingtonpost,https://www.washingtonpost.com/politics/trump-democrats-coronvirus-economy/2020/10/17/5533bcbe-102c-11eb-8a35-237ef1eb2ef7_story.html?utm_source=rss&utm_medium=referral&utm_campaign=wp_politics
"Sat, 17 Oct 2020 09:38:49 EDT","Sen. Perdue called out for mocking Sen. Kamala Harris’s first name, echoing Trump","“This kind of vile, race-baiting trash talk is what President Trump has unleashed from sitting Republican members in the Senate,” Democrat Jon Ossoff said.",Washingtonpost,https://www.washingtonpost.com/politics/2020/10/16/senator-perdue-kamala-harris/?utm_source=rss&utm_medium=referral&utm_campaign=wp_politics
"Tue, 13 Oct 2020 17:30:05 +0000",Disney is now a streaming company,"The company announced a strategic reorganization that will prioritize its streaming services: Disney+, ESPN+, and Hulu.",Qz,https://qz.com/1916923/recent-changes-at-disney-prioritize-hulu-disney-and-espn/
"Tue, 13 Oct 2020 17:00:28 +0000",Dropbox commits to going “virtual-first” by converting offices to meeting studios,"When Dropbox reopens next summer, its employees will no longer have an office with individual desks, but instead will have access to studios while they continue to work from home.",Qz,https://qz.com/work/1916574/dropbox-goes-virtual-first-by-turning-offices-into-studios/
"Sat, 17 Oct 2020 18:40:52 GMT",How this former QAnon believer escaped the virtual cult,Jitarth Jadeja found QAnon in 2017. The 32-year-old spent two years entrenched in the virtual cult. His biggest regret? Sharing the conspiracy theory with his father.,Cnn,https://www.cnn.com/videos/business/2020/10/16/qanon-reformed-believer-orig.cnn-business
"Sun, 18 Oct 2020 12:18:24 GMT",You can now rent a private AMC theater for just $99 ,A crisp Benjamin Franklin can get you your own private AMC movie theater. ,Cnn,https://www.cnn.com/2020/10/17/business/amc-rental-99-trnd/index.html
"Sat, 17 Oct 2020 08:00:35 EDT",Originalism in a diverse America: How does Amy Coney Barrett’s judicial philosophy square with who was left out of the Constitution? ,"Amy Coney Barrett's embrace of originalism has some Americans thinking about what the framers intended, and how it applied to them.",Washingtonpost,https://www.washingtonpost.com/politics/2020/10/17/originalism-diverse-america-how-does-amy-coney-barretts-judicial-philosophy-square-with-who-was-left-out-constitution/?utm_source=rss&utm_medium=referral&utm_campaign=wp_politics
"Sat, 17 Oct 2020 08:00:00 EDT","One last vote: In Michigan, a terminally ill man’s mission to cast a ballot","After a recurrence of colon cancer, Jim Williams counted the days until early voting began in his state.",Washingtonpost,https://www.washingtonpost.com/politics/one-last-vote/2020/10/16/785419e4-0fd4-11eb-b1e8-16b59b92b36d_story.html?utm_source=rss&utm_medium=referral&utm_campaign=wp_politics
"Tue, 13 Oct 2020 13:41:31 +0000",The business interests behind vaccine trials work against people of color,Covid-19 vaccine trials are struggling to recruit diverse patients as the industry works to undo long-standing exclusionary practices.,Qz,https://qz.com/1916652/covid-19-vaccine-trial-recruitment-works-against-people-of-color/
"Tue, 13 Oct 2020 11:00:17 +0000",What is owed Africa,"Africa lost 12.5 million men, women, and children to the international slave trade. How should its people be compensated?",Qz,https://qz.com/africa/1915182/what-reparations-are-owed-to-africa/
"Sat, 17 Oct 2020 00:15:04 +0000","In Reversal, Twitter Is No Longer Blocking New York Post Article",The latest change underlined how rapidly social media platforms are shifting their positions in the days leading up to the election.,Nytimes,https://www.nytimes.com/2020/10/16/technology/twitter-new-york-post.html
"Fri, 16 Oct 2020 03:46:17 +0000","Facebook and Twitter Dodge a 2016 Repeat, and Ignite a 2020 Firestorm",The companies have said they would do more to stop misinformation and hacked materials from spreading. This is what that effort looks like.,Nytimes,https://www.nytimes.com/2020/10/15/technology/facebook-twitter-nypost-hunter-biden.html
"Sun, 18 Oct 2020 15:54:18 GMT",NASA and Nokia are putting a 4G network on the moon,"If you're unable to get a cell phone signal when you walk your dog around the block, this will really make your blood boil: NASA is putting a 4G network on the moon.",Cnn,https://www.cnn.com/2020/10/18/tech/4g-network-moon-trnd/index.html
"Sun, 18 Oct 2020 12:27:30 GMT","More than 46,000 fans present as New Zealand beats Australia in Bledisloe Cup","A near-capacity 46,049 crowd was present at Eden Park as New Zealand defeated Australia 27-7 in game two of the Bledisloe Cup.",Cnn,https://www.cnn.com/2020/10/18/sport/new-zealand-all-black-australia-bledisloe-cup-spt-intl/index.html
"Sat, 17 Oct 2020 07:00:59 EDT",The 5 types of attack ads defining the 2020 congressional elections,"There are several major crises related to health, race and the economy all happening at once. Those are shaping the battles for Congress.",Washingtonpost,https://www.washingtonpost.com/politics/2020/10/17/5-types-attack-ads-defining-2020-congressional-elections/?utm_source=rss&utm_medium=referral&utm_campaign=wp_politics
"Fri, 16 Oct 2020 22:21:19 EDT",Biden vows more clarity on expanding the Supreme Court is coming soon,The campaign is playing out Friday across several states that President Trump won four years ago but appear competitive in the closing stretch of the race.,Washingtonpost,https://www.washingtonpost.com/elections/2020/10/16/trump-biden-live-updates/?utm_source=rss&utm_medium=referral&utm_campaign=wp_politics
"Sat, 17 Oct 2020 14:58:56 +0000",YouTube Cracks Down on QAnon Conspiracy Theory,YouTube has played a bigger role in moving QAnon from the fringes to the mainstream than most platforms.,Nytimes,https://www.nytimes.com/2020/10/15/technology/youtube-bans-qanon-violence.html
"Fri, 16 Oct 2020 21:48:41 +0000",Brace for Holiday ‘Shipageddon’,"The pandemic and the holidays will make shipping a zoo. Shoppers, listen up.",Nytimes,https://www.nytimes.com/2020/10/16/technology/holiday-shipageddon.html
"Sat, 17 Oct 2020 10:04:59 GMT",A teacher heard a student's grandma slur her words during a virtual lesson. What she did next saved a life,A first-grade teacher at a Michigan elementary school is being hailed as a hero after alerting the school principal that her online student's grandmother was having a stroke.,Cnn,https://www.cnn.com/2020/10/17/us/teacher-saves-grandma-life-stroke-trnd/index.html
"Sat, 17 Oct 2020 15:59:29 GMT",Kenya's Jepchirchir breaks own world record at World Half Marathon Championships,"Peres Jepchirchir broke her own world record in the women's half marathon, crossing the line in one hour, five minutes and 16 seconds to win gold at the World Athletics Half Marathon Championships in Gdynia, Poland.",Cnn,https://www.cnn.com/2020/10/17/sport/peres-jepchirchir-half-marathon-world-record-spt-intl/index.html
"Fri, 16 Oct 2020 19:47:00 EDT",Supreme Court will review Trump plan to exclude undocumented immigrants from calculations for congressional seats,"A lower court blocked the plan, which would have the effect of shifting both political power and federal funds away from urban states with large immigrant populations.",Washingtonpost,https://www.washingtonpost.com/politics/courts_law/supreme-court-census-undocumented-immigrants/2020/10/16/cf8288be-0f51-11eb-8074-0e943a91bf08_story.html?utm_source=rss&utm_medium=referral&utm_campaign=wp_politics
"Fri, 16 Oct 2020 17:33:49 EDT",Trump opposed Obama’s 2012 reelection based on metrics where he now fares even worse,The federal deficit is only the latest.,Washingtonpost,https://www.washingtonpost.com/politics/2020/10/16/trump-opposed-obamas-2012-reelection-based-metrics-where-he-now-fares-even-worse/?utm_source=rss&utm_medium=referral&utm_campaign=wp_politics
"Sun, 18 Oct 2020 20:15:11 +0000","As Local News Dies, a Pay-for-Play Network Rises in Its Place","A nationwide operation of 1,300 local sites publishes coverage that is ordered up by Republican groups and corporate P.R. firms.",Nytimes,https://www.nytimes.com/2020/10/18/technology/timpone-local-news-metric-media.html
"Sun, 18 Oct 2020 19:36:55 +0000","Remote but Inclusive for Years, and Now Showing Other Companies How","Ultranauts has been developing creative ways to hire, manage and motivate a far-flung and diverse work force for seven years.",Nytimes,https://www.nytimes.com/2020/10/18/technology/ultranauts-remote-work.html
"Sat, 17 Oct 2020 21:21:26 GMT",Halloween is going to look very different during the pandemic,"Halloween, a holiday that brings Americans together over a shared love for candy and costumes, will look very different during the pandemic.",Cnn,https://www.cnn.com/2020/10/17/business/halloween-businesses-pandemic/index.html
"Sat, 17 Oct 2020 14:35:21 GMT",Should there be age limits for elected leaders? ,"No matter who wins, America is about to elect its oldest President ever. Many leaders in the House and Senate are in their 70's, even 80's. Is this a problem?",Cnn,https://www.cnn.com/videos/tv/2020/10/17/should-there-be-age-limits-for-elected-leaders.cnn
"Fri, 16 Oct 2020 17:32:12 EDT",Abortion rights group calls for ouster of Sen.Feinstein from top Democratic post on Judiciary Committee,Liberals were particularly irate at Feinstein’s praise of Republicans for their handling of Trump Supreme Court nominee Amy Coney Barrett’s confirmation hearings.,Washingtonpost,https://www.washingtonpost.com/politics/courts_law/senate-feinstein-democrats-supreme-court/2020/10/16/b61ec292-0fed-11eb-b1e8-16b59b92b36d_story.html?utm_source=rss&utm_medium=referral&utm_campaign=wp_politics
"Sun, 18 Oct 2020 15:53:30 +0000",Paleontologists See Stars as Software Bleeps Scientific Terms,"When their annual conference was moved online, they were amused to find seemingly benign words blocked and replaced with asterisks during virtual sessions.",Nytimes,https://www.nytimes.com/2020/10/18/science/paleontology-banned-words-convey.html
"Fri, 16 Oct 2020 23:42:15 +0000",What Went Viral This Week,"Hunter Biden, a “Two and a Half Men” star’s death and Amy Coney Barrett’s empty notepad carried the week on social media.",Nytimes,https://www.nytimes.com/2020/10/16/technology/what-went-viral-this-week.html
"Sun, 18 Oct 2020 15:06:49 GMT",Forget that pumpkin spice flavored latte. That is not pumpkin. These foods are,"If 2020 has turned you into an unexpected expert in making homemade treats, maybe it's time to start pondering the pumpkin.",Cnn,https://www.cnn.com/2020/10/18/health/pumpkin-spice-food-ideas-wellness/index.html
"Sat, 17 Oct 2020 14:35:48 GMT",How did quarantine affect teens?,"Being a teenager is even harder than usual in a pandemic: pulled from school, unable to see friends, cloistered with family. Yet a new study found surprising upsides. ",Cnn,https://www.cnn.com/videos/tv/2020/10/17/how-is-quarantine-affecting-teens.cnn
"Fri, 16 Oct 2020 22:04:04 +0000","How The Babylon Bee, a Right-Wing Satire Site, Capitalizes on Confusion",President Trump tweeted about one of the site’s stories on Friday. It is unclear whether he knew it was a joke.,Nytimes,https://www.nytimes.com/2020/10/16/technology/babylon-bee.html
"Fri, 16 Oct 2020 03:09:25 +0000",Twitter Changes Course After Republicans Claim ‘Election Interference’,It had blocked an unsubstantiated New York Post article about the Bidens but said late Thursday that it would allow similar content to be shared.,Nytimes,https://www.nytimes.com/2020/10/15/technology/facebook-twitter-republicans-backlash.html
"Sun, 18 Oct 2020 13:43:15 GMT",5 alternatives to the iPhone 12 that cost under $700,"Apple's new iPhone 12 lineup has some strong selling points — 5G connectivity, dual cameras (three on the Pro versions), a powerful processor and a thinner, lighter design than the iPhone 11. ",Cnn,https://www.cnn.com/2020/10/18/tech/iphone-12-cheaper-alternatives/index.html
"Sun, 18 Oct 2020 19:38:02 GMT",The US President is actively working to repeat the atmosphere that culminated in his last election victory,He's gathered the same people. He's attempting a similar schedule. He even believes he's found an equivalent 11th-hour scandal -- and equivalent Russian disinformation questions have followed.,Cnn,https://www.cnn.com/2020/10/18/politics/donald-trump-election-2020-nostalgia/index.html
"Thu, 15 Oct 2020 16:57:48 +0000",Ignore Phone Companies About 5G,The cellular networks might be life-changing in the future. Not today.,Nytimes,https://www.nytimes.com/2020/10/15/technology/ignore-phone-companies-5g.html
"Wed, 14 Oct 2020 19:34:54 +0000",Among Us: You're the Impostor,"YouTubers, influencers and streamers popularized the multiplayer game. Then their fans started playing too.",Nytimes,https://www.nytimes.com/2020/10/14/style/among-us.html
"Sun, 18 Oct 2020 14:37:23 GMT",The latest on the 2020 election ,,Cnn,https://www.cnn.com/politics/live-news/us-election-news-10-18-2020/index.html
"Sun, 18 Oct 2020 16:52:11 GMT",Analysis: Trump continues bizarre appeals to 'suburban women',"If President Donald Trump loses his reelection bid in November, it will be in part because of his fundamental misunderstanding of the beliefs of ""suburban women,"" whom he has tried to win back with a series of bizarre and racist appeals that seem more targeted to a stereotype from the 1950s and 1960s than the American women who actually live in those areas today. ",Cnn,https://www.cnn.com/2020/10/18/politics/donald-trump-women-gretchen-whitmer/index.html
"Wed, 14 Oct 2020 17:23:43 +0000",Trump Overstates W.H.O. Position on Lockdowns,"The health organization said it continued to advocate a “do it all” approach, including shutdowns when necessary.",Nytimes,https://www.nytimes.com/2020/10/14/technology/trump-coronavirus-who-lockdown.html
"Thu, 15 Oct 2020 14:19:20 +0000",Gadgets Were on the Way Out. Then 2020 Happened.,"A brutally unexpected year turned millions of people into gear nerds, whether they liked it or not.",Nytimes,https://www.nytimes.com/2020/10/14/style/gadgets-are-back.html
"Sun, 18 Oct 2020 19:38:25 GMT",Analysis: Why Biden is putting so many red states in play,Poll of the week: A new Quinnipiac University poll of likely Georgia voters finds former Vice President Joe Biden at 51% and President Donald Trump at 44%. ,Cnn,https://www.cnn.com/2020/10/18/politics/biden-red-states-analysis/index.html
"Sun, 18 Oct 2020 18:02:37 GMT",Opinion: America got cheated,"In the pantheon of Greek gods, Dionysus loomed large. He was the god of fertility, the god of wine and, at the springtime festivals held in his name, the deity most closely associated with the birth of theater. ",Cnn,https://www.cnn.com/2020/10/18/opinions/america-got-cheated-opinion-weekly-column-galant/index.html
"Wed, 14 Oct 2020 17:06:58 +0000",Schools Struggle to Secure Computers,"Facing a laptop shortage, some schools have had to jump through hoops to make remote learning work.",Nytimes,https://www.nytimes.com/2020/10/14/technology/schools-remote-learning-computers.html
"Wed, 14 Oct 2020 17:08:10 +0000","Finally, the First Room-Temperature Superconductor","It conveys electricity in the climate of a crisp fall day, but only under pressures comparable to what you’d find closer to Earth’s core.",Nytimes,https://www.nytimes.com/2020/10/14/science/superconductor-room-temperature.html
"Sun, 18 Oct 2020 11:26:55 GMT",Analysis: Trump's rallies make no political sense. Here's why he does them anyway.,"President Donald Trump's bout with coronavirus gave him the chance for a reset on the top 2020 election issue. Characteristically, he has spurned it. ",Cnn,https://www.cnn.com/2020/10/18/politics/2020-campaign-trump-rallies/index.html
"Wed, 14 Oct 2020 10:00:10 +0000",Disinformation on Ballot Boxes and More Are Circulating on Social Media,"The misinformation touches on ballot boxes, the “deep state,” and a conspiracy involving the coronavirus and the vote.",Nytimes,https://www.nytimes.com/2020/10/14/technology/four-election-related-falsehoods.html
"Thu, 15 Oct 2020 04:51:37 +0000",Riled Up: Misinformation Stokes Calls for Violence on Election Day,"Baseless claims are circulating online about a Democrat-led coup, inflaming tensions in an already turbulent election season.",Nytimes,https://www.nytimes.com/2020/10/13/technology/viral-misinformation-violence-election.html
"Tue, 13 Oct 2020 18:40:37 +0000",IPhone 12 Prices in Line With Recent Years,Apple did not markedly increase the cost of its newest devices from last year.,Nytimes,https://www.nytimes.com/2020/10/13/technology/iphone-12-prices-mini-pro.html
"Tue, 13 Oct 2020 18:06:26 +0000",Hello iPhone 12 and iPhone 12 Pro,The newest iPhones have 5G capability and improved design features. But Apple was vague about just how much faster the phones would be.,Nytimes,https://www.nytimes.com/2020/10/13/technology/hello-iphone-12-and-iphone-12-pro.html
"Tue, 13 Oct 2020 17:50:02 +0000","So, Should You Buy a New Phone or Not?",Here are three steps to take to arrive at an answer.,Nytimes,https://www.nytimes.com/2020/10/13/technology/so-should-you-buy-a-new-phone-or-not.html
"Tue, 13 Oct 2020 17:55:05 +0000",Apple Unveils a Smaller HomePod,The company’s smart speaker product has not been as successful as Amazon Echo and Google Home.,Nytimes,https://www.nytimes.com/2020/10/13/technology/apple-unveils-a-smaller-homepod.html
"Tue, 13 Oct 2020 18:12:43 +0000",Google Employees Are Free to Speak Up. Except on Antitrust.,A company operating in the shadow of government regulators has some very particular rules about what workers can say about it.,Nytimes,https://www.nytimes.com/2020/10/13/technology/google-employees-antitrust.html
"Tue, 13 Oct 2020 17:01:18 +0000","Facebook Bans Anti-Vaccination Ads, Clamping Down Again","The social network, which prohibits misinformation related to the coronavirus, has also banned other types of content in recent days.",Nytimes,https://www.nytimes.com/2020/10/13/technology/facebook-bans-anti-vaccination-ads.html
"Tue, 13 Oct 2020 16:55:27 +0000",When to Buy a New Phone. Or Not.,"If you’re wondering if you should buy a new smartphone, ask yourself these questions first.",Nytimes,https://www.nytimes.com/2020/10/13/technology/when-to-buy-a-new-phone.html
"Wed, 14 Oct 2020 10:32:48 +0000",Another ‘Unfounded’ Study on Origins of Virus Spreads Online,"The publication is the second in a series, from a team led by a Chinese scientist, that has been widely discredited by experts.",Nytimes,https://www.nytimes.com/2020/10/13/technology/another-unfounded-study-on-origins-of-virus-spreads-online.html
"Thu, 15 Oct 2020 19:27:24 +0000",The Apple 5G iPhone Explained: What You Need to Know,The newest iPhones are expected to run on next-generation 5G cellular networks. Let’s get real about what that means.,Nytimes,https://www.nytimes.com/2020/10/13/technology/what-you-need-to-know-about-5g-smartphones.html
"Tue, 13 Oct 2020 15:10:53 +0000","No, There Isn’t Evidence That Trump Owes Money to Russia",The president’s financial disclosure report shows his biggest creditors. There is none bigger than Deutsche Bank.,Nytimes,https://www.nytimes.com/2020/10/13/technology/no-there-isnt-evidence-that-trump-owes-money-to-russia.html
"Tue, 13 Oct 2020 13:58:59 +0000",How a 2nd-Grade Class Sent a Science Experiment to Space,“Any school district now that affords football can afford spaceflight.”,Nytimes,https://www.nytimes.com/2020/10/13/science/blue-origin-school-experiment.html
"Tue, 13 Oct 2020 16:34:24 +0000",Blue Origin's New Shepard Rocket Launches a New Line of Business,"Blue Origin’s New Shepard rocket hasn’t flown space tourists yet, but it has found a business niche with NASA and private science experiments.",Nytimes,https://www.nytimes.com/2020/10/13/science/blue-origin-jeff-bezos.html
"Thu, 15 Oct 2020 13:16:51 +0000",July Is the New January: More Companies Delay Return to the Office,"From Ford to Microsoft, white-collar companies are increasingly extending working from home through next summer.",Nytimes,https://www.nytimes.com/2020/10/13/technology/offices-reopening-delay-coronavirus.html
"Tue, 13 Oct 2020 18:30:11 +0000",She Hunts Viral Rumors About Real Viruses,"For Heidi Larson, the founder of the Vaccine Confidence Project, dispelling vaccine hesitancy means building trust — and avoiding the term “anti-vaxxer.”",Nytimes,https://www.nytimes.com/2020/10/13/health/coronavirus-vaccine-hesitancy-larson.html
"Tue, 13 Oct 2020 14:21:46 +0000",Twitter is Showing That People Are Anxious and Depressed,Researchers are looking at online behavior to gauge public mental health. The results aren’t pretty.,Nytimes,https://www.nytimes.com/2020/10/12/style/self-care/social-media-.html
"Mon, 12 Oct 2020 17:45:03 +0000",You Can’t Escape Uber’s Lobbying,Just being a customer now makes people a target for inescapable corporate advocacy.,Nytimes,https://www.nytimes.com/2020/10/12/technology/you-cant-escape-ubers-lobbying.html
"Mon, 12 Oct 2020 16:37:14 +0000",Facebook Bans Content About Holocaust Denial From Its Site,"Mark Zuckerberg, Facebook’s chief executive, once cited Holocaust denial as something he would allow on the social network for free speech reasons.",Nytimes,https://www.nytimes.com/2020/10/12/technology/facebook-bans-holocaust-denial-content.html
"Mon, 12 Oct 2020 12:12:04 +0000","Fearing Cyber Attacks, Microsoft Takes Down a Risk to the Election","Fearing Russian ransomware attacks on the election, the company and U.S. Cyber Command mounted similar pre-emptive strikes. It is not clear how long they may work.",Nytimes,https://www.nytimes.com/2020/10/12/us/politics/election-hacking-microsoft.html
"Mon, 12 Oct 2020 19:48:38 +0000","On Facebook, Misinformation Is More Popular Now Than in 2016","People are engaging more on Facebook with content from outlets that publish falsehoods and distortions, even though the social network has tried limiting misinformation, new research found.",Nytimes,https://www.nytimes.com/2020/10/12/technology/on-facebook-misinformation-is-more-popular-now-than-in-2016.html
"Mon, 12 Oct 2020 16:06:44 +0000",The Digital Divide Starts With a Laptop Shortage,A surge in worldwide demand by educators for low-cost laptops has created shipment delays and pitted desperate schools against one another. Districts with deep pockets often win out.,Nytimes,https://www.nytimes.com/2020/10/12/technology/laptops-schools-digital-divide.html
